"title","price","stock"
"Scott Pilgrim's Precious Little ...","£52.29","In stock"
"Tsubasa: WoRLD CHRoNiCLE 2 ...","£16.28","In stock"
"This One Summer","£19.49","In stock"
"The Nameless City (The ...","£38.16","In stock"
"Saga, Volume 5 (Saga ...","£51.04","In stock"
"Rat Queens, Vol. 3: ...","£50.40","In stock"
"Princess Jellyfish 2-in-1 Omnibus, ...","£13.61","In stock"
"Pop Gun War, Volume ...","£18.97","In stock"
"Patience","£10.16","In stock"
"Outcast, Vol. 1: A ...","£15.44","In stock"
"orange: The Complete Collection ...","£48.41","In stock"
"Lumberjanes, Vol. 2: Friendship ...","£46.91","In stock"
"Lumberjanes, Vol. 1: Beware ...","£45.61","In stock"
"Lumberjanes Vol. 3: A ...","£19.92","In stock"
"I Hate Fairyland, Vol. ...","£29.17","In stock"
"I am a Hero ...","£54.63","In stock"
"Giant Days, Vol. 2 ...","£22.11","In stock"
"Danganronpa Volume 1","£51.99","In stock"
"Codename Baboushka, Volume 1: ...","£36.72","In stock"
"Camp Midnight","£17.08","In stock"
"Bitch Planet, Vol. 1: ...","£37.92","In stock"
"The Shadow Hero (The ...","£33.14","In stock"
"Fables, Vol. 1: Legends ...","£41.62","In stock"
"Batman: The Long Halloween ...","£36.50","In stock"
"Batman: The Dark Knight ...","£15.38","In stock"
"Wonder Woman: Earth One, ...","£37.34","In stock"
"We Are Robin, Vol. ...","£53.90","In stock"
"Through the Woods","£25.38","In stock"
"Superman Vol. 1: Before ...","£11.89","In stock"
"So Cute It Hurts!!, ...","£35.43","In stock"
"Robin War","£47.82","In stock"
"Red Hood/Arsenal, Vol. 1: ...","£25.48","In stock"
"Naruto (3-in-1 Edition), Vol. ...","£38.39","In stock"
"Lowriders to the Center ...","£51.51","In stock"
"El Deafo","£57.62","In stock"
"Batman: Europa","£32.01","In stock"
"Art Ops Vol. 1","£48.80","In stock"
"Adulthood Is a Myth: ...","£10.90","In stock"
"Fruits Basket, Vol. 9 ...","£33.95","In stock"
"Roller Girl","£14.10","In stock"
"Fruits Basket, Vol. 7 ...","£19.57","In stock"
"Fruits Basket, Vol. 6 ...","£20.96","In stock"
"Death Note, Vol. 6: ...","£36.39","In stock"
"Fruits Basket, Vol. 5 ...","£16.33","In stock"
"Death Note, Vol. 5: ...","£52.41","In stock"
"The Demon Prince of ...","£27.88","In stock"
"Fruits Basket, Vol. 4 ...","£50.44","In stock"
"The Wicked + The ...","£14.41","In stock"
"The Sandman, Vol. 3: ...","£55.55","In stock"
"Saga, Volume 3 (Saga ...","£21.57","In stock"
"Prodigy: The Graphic Novel ...","£43.63","In stock"
"Persepolis: The Story of ...","£39.13","In stock"
"Original Fake","£31.45","In stock"
"Grayson, Vol 3: Nemesis ...","£42.72","In stock"
"Fruits Basket, Vol. 3 ...","£45.17","In stock"
"Black Butler, Vol. 1 ...","£49.31","In stock"
"Awkward","£38.02","In stock"
"The Sandman, Vol. 2: ...","£54.81","In stock"
"Saga, Volume 2 (Saga ...","£11.75","In stock"
"Fruits Basket, Vol. 2 ...","£11.64","In stock"
"Y: The Last Man, ...","£18.51","In stock"
"The Wicked + The ...","£36.52","In stock"
"The Sandman, Vol. 1: ...","£54.12","In stock"
"The Complete Maus (Maus ...","£10.64","In stock"
"Skip Beat!, Vol. 01 ...","£42.12","In stock"
"Saga, Volume 1 (Saga ...","£28.48","In stock"
"Rat Queens, Vol. 1: ...","£46.96","In stock"
"Paper Girls, Vol. 1 ...","£21.71","In stock"
"Ouran High School Host ...","£29.87","In stock"
"Ms. Marvel, Vol. 1: ...","£39.39","In stock"
"Hawkeye, Vol. 1: My ...","£45.24","In stock"
"Giant Days, Vol. 1 ...","£56.76","In stock"
"Fruits Basket, Vol. 1 ...","£40.28","In stock"
"Bleach, Vol. 1: Strawberry ...","£34.65","In stock"
"Ajin: Demi-Human, Volume 1 ...","£57.06","In stock"